gene_id	status	protein_coding_transcripts	assessable_protein_coding_chains
ENSG00000008735.15	multiple_assessable_protein_coding_chains	11	11
ENSG00000015475.20	multiple_assessable_protein_coding_chains	24	5
ENSG00000025708.15	multiple_assessable_protein_coding_chains	32	13
ENSG00000025770.20	multiple_assessable_protein_coding_chains	40	38
ENSG00000040608.14	additional_unassessable_protein_coding_transcript	3	1
ENSG00000054611.15	multiple_assessable_protein_coding_chains	13	13
ENSG00000056487.18	multiple_assessable_protein_coding_chains	5	5
ENSG00000063515.3	eligible	1	1
ENSG00000069998.13	multiple_assessable_protein_coding_chains	18	18
ENSG00000070010.20	multiple_assessable_protein_coding_chains	13	9
ENSG00000070371.17	multiple_assessable_protein_coding_chains	34	31
ENSG00000070413.22	multiple_assessable_protein_coding_chains	35	35
ENSG00000073146.17	multiple_assessable_protein_coding_chains	5	5
ENSG00000073150.14	multiple_assessable_protein_coding_chains	2	2
ENSG00000073169.15	no_assessable_protein_coding_chain	1	0
ENSG00000075218.20	multiple_assessable_protein_coding_chains	5	3
ENSG00000075234.18	multiple_assessable_protein_coding_chains	14	13
ENSG00000075240.18	multiple_assessable_protein_coding_chains	7	3
ENSG00000075275.18	multiple_assessable_protein_coding_chains	8	3
ENSG00000077935.18	multiple_assessable_protein_coding_chains	4	4
ENSG00000077942.20	multiple_assessable_protein_coding_chains	25	19
ENSG00000079974.20	multiple_assessable_protein_coding_chains	91	11
ENSG00000093000.20	multiple_assessable_protein_coding_chains	18	8
ENSG00000093009.12	multiple_assessable_protein_coding_chains	7	5
ENSG00000093010.16	multiple_assessable_protein_coding_chains	22	9
ENSG00000093072.20	multiple_assessable_protein_coding_chains	22	8
ENSG00000099889.15	multiple_assessable_protein_coding_chains	6	6
ENSG00000099899.17	multiple_assessable_protein_coding_chains	16	12
ENSG00000099901.19	multiple_assessable_protein_coding_chains	8	4
ENSG00000099904.17	multiple_assessable_protein_coding_chains	12	11
ENSG00000099910.18	multiple_assessable_protein_coding_chains	24	3
ENSG00000099917.18	multiple_assessable_protein_coding_chains	42	32
ENSG00000099937.12	multiple_assessable_protein_coding_chains	4	2
ENSG00000099940.13	multiple_assessable_protein_coding_chains	7	5
ENSG00000099942.14	multiple_assessable_protein_coding_chains	2	2
ENSG00000099949.23	multiple_assessable_protein_coding_chains	9	7
ENSG00000099953.11	multiple_assessable_protein_coding_chains	6	6
ENSG00000099954.20	multiple_assessable_protein_coding_chains	5	5
ENSG00000099956.21	multiple_assessable_protein_coding_chains	18	14
ENSG00000099957.18	multiple_assessable_protein_coding_chains	11	11
ENSG00000099958.16	multiple_assessable_protein_coding_chains	7	7
ENSG00000099960.14	multiple_assessable_protein_coding_chains	6	2
ENSG00000099968.20	multiple_assessable_protein_coding_chains	19	9
ENSG00000099974.9	multiple_assessable_protein_coding_chains	2	2
ENSG00000099977.17	multiple_assessable_protein_coding_chains	10	5
ENSG00000099985.4	multiple_assessable_protein_coding_chains	3	3
ENSG00000099991.19	multiple_assessable_protein_coding_chains	12	8
ENSG00000099992.17	multiple_assessable_protein_coding_chains	12	11
ENSG00000099994.12	multiple_assessable_protein_coding_chains	8	8
ENSG00000099995.20	multiple_assessable_protein_coding_chains	4	3
ENSG00000099998.20	multiple_assessable_protein_coding_chains	51	46
ENSG00000099999.16	multiple_assessable_protein_coding_chains	8	5
ENSG00000100003.18	multiple_assessable_protein_coding_chains	7	4
ENSG00000100012.13	multiple_assessable_protein_coding_chains	7	5
ENSG00000100014.21	multiple_assessable_protein_coding_chains	18	8
ENSG00000100023.20	multiple_assessable_protein_coding_chains	17	8
ENSG00000100024.16	multiple_assessable_protein_coding_chains	19	19
ENSG00000100027.17	multiple_assessable_protein_coding_chains	3	2
ENSG00000100028.13	multiple_assessable_protein_coding_chains	11	3
ENSG00000100029.19	multiple_assessable_protein_coding_chains	14	11
ENSG00000100030.16	multiple_assessable_protein_coding_chains	11	5
ENSG00000100031.20	multiple_assessable_protein_coding_chains	147	7
ENSG00000100033.18	multiple_assessable_protein_coding_chains	18	13
ENSG00000100034.14	multiple_assessable_protein_coding_chains	5	3
ENSG00000100036.13	multiple_assessable_protein_coding_chains	3	2
ENSG00000100038.21	multiple_assessable_protein_coding_chains	23	7
ENSG00000100053.10	multiple_assessable_protein_coding_chains	2	2
ENSG00000100055.22	multiple_assessable_protein_coding_chains	6	4
ENSG00000100056.13	multiple_assessable_protein_coding_chains	6	6
ENSG00000100060.19	multiple_assessable_protein_coding_chains	10	6
ENSG00000100065.16	multiple_assessable_protein_coding_chains	8	5
ENSG00000100075.11	multiple_assessable_protein_coding_chains	9	9
ENSG00000100077.17	multiple_assessable_protein_coding_chains	6	5
ENSG00000100078.5	multiple_assessable_protein_coding_chains	7	7
ENSG00000100079.7	additional_unassessable_protein_coding_transcript	2	1
ENSG00000100083.21	multiple_assessable_protein_coding_chains	29	18
ENSG00000100084.15	multiple_assessable_protein_coding_chains	12	12
ENSG00000100092.25	multiple_assessable_protein_coding_chains	7	6
ENSG00000100095.20	multiple_assessable_protein_coding_chains	12	12
ENSG00000100097.13	multiple_assessable_protein_coding_chains	3	3
ENSG00000100099.23	multiple_assessable_protein_coding_chains	21	11
ENSG00000100100.15	multiple_assessable_protein_coding_chains	5	4
ENSG00000100104.14	multiple_assessable_protein_coding_chains	5	5
ENSG00000100105.19	multiple_assessable_protein_coding_chains	8	8
ENSG00000100106.22	multiple_assessable_protein_coding_chains	7	3
ENSG00000100109.18	multiple_assessable_protein_coding_chains	31	3
ENSG00000100116.18	multiple_assessable_protein_coding_chains	22	15
ENSG00000100121.14	multiple_assessable_protein_coding_chains	6	2
ENSG00000100122.8	eligible	7	1
ENSG00000100124.16	multiple_assessable_protein_coding_chains	11	8
ENSG00000100129.18	multiple_assessable_protein_coding_chains	8	4
ENSG00000100138.15	multiple_assessable_protein_coding_chains	9	6
ENSG00000100139.15	multiple_assessable_protein_coding_chains	9	9
ENSG00000100142.17	multiple_assessable_protein_coding_chains	15	12
ENSG00000100146.21	multiple_assessable_protein_coding_chains	7	2
ENSG00000100147.16	multiple_assessable_protein_coding_chains	4	2
ENSG00000100150.21	multiple_assessable_protein_coding_chains	39	23
ENSG00000100151.17	multiple_assessable_protein_coding_chains	19	7
ENSG00000100154.15	additional_unassessable_protein_coding_transcript	4	1
ENSG00000100156.13	multiple_assessable_protein_coding_chains	7	3
ENSG00000100162.17	multiple_assessable_protein_coding_chains	11	11
ENSG00000100167.21	multiple_assessable_protein_coding_chains	5	4
ENSG00000100170.11	multiple_assessable_protein_coding_chains	3	3
ENSG00000100191.6	eligible	1	1
ENSG00000100196.12	multiple_assessable_protein_coding_chains	5	5
ENSG00000100197.24	multiple_assessable_protein_coding_chains	32	32
ENSG00000100201.23	no_assessable_protein_coding_chain	2	0
ENSG00000100206.12	multiple_assessable_protein_coding_chains	18	7
ENSG00000100207.21	multiple_assessable_protein_coding_chains	7	3
ENSG00000100209.12	multiple_assessable_protein_coding_chains	6	6
ENSG00000100211.13	multiple_assessable_protein_coding_chains	37	4
ENSG00000100216.7	multiple_assessable_protein_coding_chains	4	4
ENSG00000100218.12	multiple_assessable_protein_coding_chains	5	2
ENSG00000100219.18	multiple_assessable_protein_coding_chains	6	6
ENSG00000100220.13	multiple_assessable_protein_coding_chains	8	8
ENSG00000100221.12	additional_unassessable_protein_coding_transcript	13	1
ENSG00000100225.19	multiple_assessable_protein_coding_chains	8	7
ENSG00000100226.17	multiple_assessable_protein_coding_chains	12	7
ENSG00000100227.20	multiple_assessable_protein_coding_chains	12	12
ENSG00000100228.15	multiple_assessable_protein_coding_chains	6	3
ENSG00000100234.13	multiple_assessable_protein_coding_chains	4	3
ENSG00000100239.17	multiple_assessable_protein_coding_chains	84	34
ENSG00000100241.23	multiple_assessable_protein_coding_chains	36	26
ENSG00000100242.17	multiple_assessable_protein_coding_chains	66	27
ENSG00000100243.23	multiple_assessable_protein_coding_chains	21	16
ENSG00000100246.14	multiple_assessable_protein_coding_chains	11	4
ENSG00000100249.5	no_internal_matched_Tyr_site	1	1
ENSG00000100253.14	multiple_assessable_protein_coding_chains	5	4
ENSG00000100258.19	multiple_assessable_protein_coding_chains	23	23
ENSG00000100263.15	multiple_assessable_protein_coding_chains	15	7
ENSG00000100266.20	multiple_assessable_protein_coding_chains	56	7
ENSG00000100271.18	multiple_assessable_protein_coding_chains	13	5
ENSG00000100276.11	multiple_assessable_protein_coding_chains	4	4
ENSG00000100280.18	multiple_assessable_protein_coding_chains	26	18
ENSG00000100281.15	multiple_assessable_protein_coding_chains	6	2
ENSG00000100284.23	multiple_assessable_protein_coding_chains	31	27
ENSG00000100285.10	eligible	1	1
ENSG00000100288.21	multiple_assessable_protein_coding_chains	13	13
ENSG00000100290.4	multiple_assessable_protein_coding_chains	7	3
ENSG00000100292.18	multiple_assessable_protein_coding_chains	5	3
ENSG00000100294.14	multiple_assessable_protein_coding_chains	7	6
ENSG00000100296.15	multiple_assessable_protein_coding_chains	24	10
ENSG00000100297.17	multiple_assessable_protein_coding_chains	15	11
ENSG00000100298.16	multiple_assessable_protein_coding_chains	6	4
ENSG00000100299.19	multiple_assessable_protein_coding_chains	14	11
ENSG00000100300.19	multiple_assessable_protein_coding_chains	23	3
ENSG00000100302.8	no_internal_matched_Tyr_site	6	1
ENSG00000100304.13	multiple_assessable_protein_coding_chains	2	2
ENSG00000100307.14	multiple_assessable_protein_coding_chains	16	15
ENSG00000100311.18	multiple_assessable_protein_coding_chains	7	3
ENSG00000100312.11	multiple_assessable_protein_coding_chains	2	2
ENSG00000100314.5	multiple_assessable_protein_coding_chains	2	2
ENSG00000100316.17	multiple_assessable_protein_coding_chains	26	23
ENSG00000100319.14	multiple_assessable_protein_coding_chains	27	5
ENSG00000100320.25	multiple_assessable_protein_coding_chains	32	28
ENSG00000100321.16	multiple_assessable_protein_coding_chains	12	12
ENSG00000100324.15	multiple_assessable_protein_coding_chains	6	6
ENSG00000100325.16	multiple_assessable_protein_coding_chains	60	28
ENSG00000100330.17	multiple_assessable_protein_coding_chains	19	11
ENSG00000100335.16	multiple_assessable_protein_coding_chains	5	2
ENSG00000100336.19	multiple_assessable_protein_coding_chains	10	4
ENSG00000100341.14	multiple_assessable_protein_coding_chains	7	6
ENSG00000100342.23	multiple_assessable_protein_coding_chains	7	4
ENSG00000100344.12	multiple_assessable_protein_coding_chains	7	7
ENSG00000100345.24	multiple_assessable_protein_coding_chains	23	14
ENSG00000100346.18	multiple_assessable_protein_coding_chains	4	4
ENSG00000100347.16	multiple_assessable_protein_coding_chains	10	10
ENSG00000100348.11	multiple_assessable_protein_coding_chains	15	5
ENSG00000100350.17	multiple_assessable_protein_coding_chains	17	7
ENSG00000100351.18	additional_unassessable_protein_coding_transcript	4	1
ENSG00000100353.19	multiple_assessable_protein_coding_chains	20	9
ENSG00000100354.23	multiple_assessable_protein_coding_chains	12	10
ENSG00000100359.22	multiple_assessable_protein_coding_chains	36	28
ENSG00000100360.16	multiple_assessable_protein_coding_chains	15	11
ENSG00000100362.14	multiple_assessable_protein_coding_chains	9	2
ENSG00000100364.20	multiple_assessable_protein_coding_chains	13	10
ENSG00000100365.16	multiple_assessable_protein_coding_chains	5	3
ENSG00000100368.16	multiple_assessable_protein_coding_chains	5	3
ENSG00000100372.16	multiple_assessable_protein_coding_chains	13	12
ENSG00000100373.11	multiple_assessable_protein_coding_chains	4	4
ENSG00000100376.13	multiple_assessable_protein_coding_chains	38	20
ENSG00000100379.19	multiple_assessable_protein_coding_chains	7	5
ENSG00000100380.16	multiple_assessable_protein_coding_chains	16	15
ENSG00000100385.16	multiple_assessable_protein_coding_chains	17	7
ENSG00000100387.10	multiple_assessable_protein_coding_chains	6	6
ENSG00000100393.17	multiple_assessable_protein_coding_chains	7	5
ENSG00000100395.16	multiple_assessable_protein_coding_chains	13	12
ENSG00000100399.17	multiple_assessable_protein_coding_chains	5	3
ENSG00000100401.22	multiple_assessable_protein_coding_chains	93	16
ENSG00000100403.13	multiple_assessable_protein_coding_chains	7	6
ENSG00000100410.9	multiple_assessable_protein_coding_chains	4	4
ENSG00000100412.18	multiple_assessable_protein_coding_chains	28	26
ENSG00000100413.18	multiple_assessable_protein_coding_chains	10	8
ENSG00000100416.16	multiple_assessable_protein_coding_chains	13	11
ENSG00000100417.13	multiple_assessable_protein_coding_chains	16	15
ENSG00000100418.9	multiple_assessable_protein_coding_chains	3	3
ENSG00000100422.15	multiple_assessable_protein_coding_chains	6	6
ENSG00000100425.21	multiple_assessable_protein_coding_chains	24	11
ENSG00000100426.9	no_internal_matched_Tyr_site	7	1
ENSG00000100427.17	multiple_assessable_protein_coding_chains	16	6
ENSG00000100429.19	multiple_assessable_protein_coding_chains	14	14
ENSG00000128159.13	multiple_assessable_protein_coding_chains	10	8
ENSG00000128165.9	no_internal_matched_Tyr_site	2	1
ENSG00000128185.11	multiple_assessable_protein_coding_chains	9	9
ENSG00000128191.18	multiple_assessable_protein_coding_chains	14	10
ENSG00000128203.8	multiple_assessable_protein_coding_chains	8	2
ENSG00000128218.8	multiple_assessable_protein_coding_chains	2	2
ENSG00000128228.6	multiple_assessable_protein_coding_chains	2	2
ENSG00000128242.14	multiple_assessable_protein_coding_chains	49	2
ENSG00000128245.16	multiple_assessable_protein_coding_chains	4	3
ENSG00000128250.5	no_internal_matched_Tyr_site	1	1
ENSG00000128253.16	eligible	3	1
ENSG00000128266.10	no_internal_matched_Tyr_site	5	1
ENSG00000128268.13	additional_unassessable_protein_coding_transcript	10	1
ENSG00000128271.23	additional_unassessable_protein_coding_transcript	42	1
ENSG00000128272.20	multiple_assessable_protein_coding_chains	20	4
ENSG00000128274.18	no_internal_matched_Tyr_site	52	1
ENSG00000128276.10	multiple_assessable_protein_coding_chains	2	2
ENSG00000128283.8	additional_unassessable_protein_coding_transcript	11	1
ENSG00000128284.22	multiple_assessable_protein_coding_chains	30	3
ENSG00000128285.5	multiple_assessable_protein_coding_chains	2	2
ENSG00000128294.17	multiple_assessable_protein_coding_chains	57	4
ENSG00000128298.19	multiple_assessable_protein_coding_chains	7	4
ENSG00000128309.19	multiple_assessable_protein_coding_chains	14	11
ENSG00000128310.4	no_internal_matched_Tyr_site	2	1
ENSG00000128311.15	multiple_assessable_protein_coding_chains	11	2
ENSG00000128313.2	eligible	1	1
ENSG00000128322.7	multiple_assessable_protein_coding_chains	3	2
ENSG00000128335.15	multiple_assessable_protein_coding_chains	12	2
ENSG00000128340.17	multiple_assessable_protein_coding_chains	8	5
ENSG00000128342.5	multiple_assessable_protein_coding_chains	2	2
ENSG00000128346.12	multiple_assessable_protein_coding_chains	15	5
ENSG00000128383.14	eligible	2	1
ENSG00000128394.18	multiple_assessable_protein_coding_chains	3	3
ENSG00000128408.9	no_internal_matched_Tyr_site	1	1
ENSG00000130487.10	no_internal_matched_Tyr_site	1	1
ENSG00000130538.6	no_internal_matched_Tyr_site	1	1
ENSG00000130540.15	multiple_assessable_protein_coding_chains	2	2
ENSG00000130638.18	multiple_assessable_protein_coding_chains	4	3
ENSG00000130943.7	no_internal_matched_Tyr_site	1	1
ENSG00000131100.14	multiple_assessable_protein_coding_chains	8	5
ENSG00000133422.15	multiple_assessable_protein_coding_chains	10	9
ENSG00000133424.23	multiple_assessable_protein_coding_chains	44	15
ENSG00000133433.12	multiple_assessable_protein_coding_chains	5	5
ENSG00000133454.16	multiple_assessable_protein_coding_chains	4	2
ENSG00000133460.21	multiple_assessable_protein_coding_chains	10	10
ENSG00000133466.15	multiple_assessable_protein_coding_chains	4	3
ENSG00000133477.17	multiple_assessable_protein_coding_chains	2	2
ENSG00000133488.16	multiple_assessable_protein_coding_chains	9	9
ENSG00000138867.18	multiple_assessable_protein_coding_chains	9	8
ENSG00000138892.12	eligible	1	1
ENSG00000138942.18	multiple_assessable_protein_coding_chains	16	2
ENSG00000138944.8	eligible	1	1
ENSG00000138964.19	multiple_assessable_protein_coding_chains	29	8
ENSG00000159307.21	multiple_assessable_protein_coding_chains	8	7
ENSG00000159496.15	multiple_assessable_protein_coding_chains	6	4
ENSG00000159873.11	multiple_assessable_protein_coding_chains	7	5
ENSG00000159958.8	multiple_assessable_protein_coding_chains	2	2
ENSG00000161179.15	multiple_assessable_protein_coding_chains	5	5
ENSG00000161180.11	multiple_assessable_protein_coding_chains	3	2
ENSG00000166862.7	eligible	1	1
ENSG00000166897.17	no_internal_matched_Tyr_site	3	1
ENSG00000167037.20	multiple_assessable_protein_coding_chains	6	6
ENSG00000167065.15	multiple_assessable_protein_coding_chains	19	2
ENSG00000167074.16	multiple_assessable_protein_coding_chains	4	3
ENSG00000167077.14	multiple_assessable_protein_coding_chains	5	3
ENSG00000168135.5	no_internal_matched_Tyr_site	3	1
ENSG00000169184.7	no_internal_matched_Tyr_site	1	1
ENSG00000169314.16	multiple_assessable_protein_coding_chains	11	11
ENSG00000169548.3	no_internal_matched_Tyr_site	1	1
ENSG00000169575.5	multiple_assessable_protein_coding_chains	2	2
ENSG00000169635.11	no_internal_matched_Tyr_site	5	1
ENSG00000170638.11	multiple_assessable_protein_coding_chains	33	11
ENSG00000172346.16	multiple_assessable_protein_coding_chains	11	2
ENSG00000172404.5	no_internal_matched_Tyr_site	1	1
ENSG00000172967.8	eligible	2	1
ENSG00000175329.14	multiple_assessable_protein_coding_chains	4	3
ENSG00000176177.10	eligible	1	1
ENSG00000176635.19	multiple_assessable_protein_coding_chains	4	2
ENSG00000177096.10	additional_unassessable_protein_coding_transcript	9	1
ENSG00000177663.16	multiple_assessable_protein_coding_chains	4	4
ENSG00000177989.15	multiple_assessable_protein_coding_chains	13	9
ENSG00000178026.14	multiple_assessable_protein_coding_chains	4	4
ENSG00000179750.16	multiple_assessable_protein_coding_chains	3	3
ENSG00000180957.19	multiple_assessable_protein_coding_chains	5	3
ENSG00000182541.19	multiple_assessable_protein_coding_chains	15	14
ENSG00000182858.15	multiple_assessable_protein_coding_chains	9	4
ENSG00000182902.15	multiple_assessable_protein_coding_chains	31	5
ENSG00000182944.19	multiple_assessable_protein_coding_chains	87	80
ENSG00000183066.16	multiple_assessable_protein_coding_chains	2	2
ENSG00000183172.10	multiple_assessable_protein_coding_chains	13	4
ENSG00000183246.8	no_internal_matched_Tyr_site	1	1
ENSG00000183307.4	multiple_assessable_protein_coding_chains	2	2
ENSG00000183530.15	multiple_assessable_protein_coding_chains	6	2
ENSG00000183569.19	multiple_assessable_protein_coding_chains	13	12
ENSG00000183579.17	multiple_assessable_protein_coding_chains	9	8
ENSG00000183597.17	multiple_assessable_protein_coding_chains	26	9
ENSG00000183628.15	multiple_assessable_protein_coding_chains	5	4
ENSG00000183741.13	multiple_assessable_protein_coding_chains	4	4
ENSG00000183762.14	multiple_assessable_protein_coding_chains	11	11
ENSG00000183765.25	multiple_assessable_protein_coding_chains	31	17
ENSG00000183773.17	multiple_assessable_protein_coding_chains	38	22
ENSG00000183785.17	multiple_assessable_protein_coding_chains	12	9
ENSG00000183864.7	no_internal_matched_Tyr_site	12	1
ENSG00000183963.20	multiple_assessable_protein_coding_chains	41	21
ENSG00000184058.16	multiple_assessable_protein_coding_chains	6	4
ENSG00000184076.14	multiple_assessable_protein_coding_chains	4	4
ENSG00000184113.10	multiple_assessable_protein_coding_chains	4	2
ENSG00000184117.13	multiple_assessable_protein_coding_chains	10	8
ENSG00000184164.16	multiple_assessable_protein_coding_chains	34	27
ENSG00000184381.21	multiple_assessable_protein_coding_chains	27	10
ENSG00000184436.13	multiple_assessable_protein_coding_chains	3	2
ENSG00000184459.10	multiple_assessable_protein_coding_chains	3	2
ENSG00000184470.21	multiple_assessable_protein_coding_chains	10	2
ENSG00000184571.14	multiple_assessable_protein_coding_chains	2	2
ENSG00000184702.21	multiple_assessable_protein_coding_chains	9	5
ENSG00000184708.19	multiple_assessable_protein_coding_chains	30	15
ENSG00000184792.17	multiple_assessable_protein_coding_chains	19	14
ENSG00000184949.18	multiple_assessable_protein_coding_chains	3	3
ENSG00000184979.13	multiple_assessable_protein_coding_chains	14	8
ENSG00000184983.12	multiple_assessable_protein_coding_chains	5	5
ENSG00000185022.14	multiple_assessable_protein_coding_chains	13	2
ENSG00000185133.15	multiple_assessable_protein_coding_chains	5	4
ENSG00000185252.20	multiple_assessable_protein_coding_chains	8	6
ENSG00000185264.12	multiple_assessable_protein_coding_chains	4	2
ENSG00000185339.11	multiple_assessable_protein_coding_chains	19	19
ENSG00000185340.17	multiple_assessable_protein_coding_chains	22	5
ENSG00000185386.16	multiple_assessable_protein_coding_chains	3	3
ENSG00000185608.10	multiple_assessable_protein_coding_chains	2	2
ENSG00000185651.17	multiple_assessable_protein_coding_chains	8	8
ENSG00000185666.16	additional_unassessable_protein_coding_transcript	3	1
ENSG00000185686.18	multiple_assessable_protein_coding_chains	10	2
ENSG00000185721.15	multiple_assessable_protein_coding_chains	9	9
ENSG00000185838.15	multiple_assessable_protein_coding_chains	5	2
ENSG00000186575.21	multiple_assessable_protein_coding_chains	17	13
ENSG00000186654.22	multiple_assessable_protein_coding_chains	8	4
ENSG00000186716.22	multiple_assessable_protein_coding_chains	9	8
ENSG00000186732.15	additional_unassessable_protein_coding_transcript	6	1
ENSG00000186951.18	multiple_assessable_protein_coding_chains	45	5
ENSG00000186976.16	multiple_assessable_protein_coding_chains	5	4
ENSG00000186998.17	multiple_assessable_protein_coding_chains	17	14
ENSG00000187045.20	multiple_assessable_protein_coding_chains	37	19
ENSG00000187051.10	multiple_assessable_protein_coding_chains	3	3
ENSG00000187792.6	no_internal_matched_Tyr_site	5	1
ENSG00000187860.12	multiple_assessable_protein_coding_chains	6	3
ENSG00000187905.11	eligible	1	1
ENSG00000188064.10	multiple_assessable_protein_coding_chains	5	4
ENSG00000188130.15	multiple_assessable_protein_coding_chains	11	11
ENSG00000188263.11	multiple_assessable_protein_coding_chains	2	2
ENSG00000188636.4	no_internal_matched_Tyr_site	1	1
ENSG00000188677.15	multiple_assessable_protein_coding_chains	5	4
ENSG00000189060.6	no_internal_matched_Tyr_site	1	1
ENSG00000189269.13	no_internal_matched_Tyr_site	1	1
ENSG00000189306.13	multiple_assessable_protein_coding_chains	12	11
ENSG00000196236.14	multiple_assessable_protein_coding_chains	6	6
ENSG00000196419.14	multiple_assessable_protein_coding_chains	36	19
ENSG00000196431.4	eligible	1	1
ENSG00000196576.17	multiple_assessable_protein_coding_chains	31	3
ENSG00000196588.21	multiple_assessable_protein_coding_chains	13	5
ENSG00000197077.15	multiple_assessable_protein_coding_chains	6	3
ENSG00000198062.16	eligible	1	1
ENSG00000198089.17	multiple_assessable_protein_coding_chains	76	60
ENSG00000198125.14	multiple_assessable_protein_coding_chains	20	2
ENSG00000198355.6	multiple_assessable_protein_coding_chains	8	8
ENSG00000198445.4	no_internal_matched_Tyr_site	1	1
ENSG00000198792.14	multiple_assessable_protein_coding_chains	20	7
ENSG00000198832.11	no_assessable_protein_coding_chain	2	0
ENSG00000198911.14	multiple_assessable_protein_coding_chains	19	18
ENSG00000198951.13	multiple_assessable_protein_coding_chains	9	5
ENSG00000203618.7	multiple_assessable_protein_coding_chains	2	2
ENSG00000205560.15	multiple_assessable_protein_coding_chains	74	26
ENSG00000205593.13	multiple_assessable_protein_coding_chains	11	10
ENSG00000205643.12	multiple_assessable_protein_coding_chains	19	6
ENSG00000205704.10	no_internal_matched_Tyr_site	11	1
ENSG00000205856.4	no_internal_matched_Tyr_site	1	1
ENSG00000206069.8	multiple_assessable_protein_coding_chains	2	2
ENSG00000206140.12	multiple_assessable_protein_coding_chains	4	4
ENSG00000206203.5	no_internal_matched_Tyr_site	1	1
ENSG00000213923.14	multiple_assessable_protein_coding_chains	30	6
ENSG00000214491.9	multiple_assessable_protein_coding_chains	6	4
ENSG00000215012.9	additional_unassessable_protein_coding_transcript	4	1
ENSG00000215193.15	multiple_assessable_protein_coding_chains	5	4
ENSG00000215568.9	multiple_assessable_protein_coding_chains	2	2
ENSG00000217442.4	no_internal_matched_Tyr_site	2	1
ENSG00000219438.10	multiple_assessable_protein_coding_chains	5	4
ENSG00000221890.7	additional_unassessable_protein_coding_transcript	2	1
ENSG00000221963.7	no_internal_matched_Tyr_site	2	1
ENSG00000225528.4	no_internal_matched_Tyr_site	1	1
ENSG00000234409.7	no_internal_matched_Tyr_site	1	1
ENSG00000234965.3	additional_unassessable_protein_coding_transcript	2	1
ENSG00000235568.8	multiple_assessable_protein_coding_chains	2	2
ENSG00000239282.9	multiple_assessable_protein_coding_chains	7	7
ENSG00000239713.10	multiple_assessable_protein_coding_chains	3	3
ENSG00000239900.15	multiple_assessable_protein_coding_chains	42	37
ENSG00000240972.3	multiple_assessable_protein_coding_chains	4	4
ENSG00000241360.2	multiple_assessable_protein_coding_chains	2	2
ENSG00000241484.11	multiple_assessable_protein_coding_chains	32	14
ENSG00000241878.13	multiple_assessable_protein_coding_chains	16	10
ENSG00000241973.12	multiple_assessable_protein_coding_chains	18	16
ENSG00000242114.7	multiple_assessable_protein_coding_chains	8	8
ENSG00000242247.12	multiple_assessable_protein_coding_chains	9	6
ENSG00000242259.10	multiple_assessable_protein_coding_chains	3	3
ENSG00000243156.9	multiple_assessable_protein_coding_chains	12	5
ENSG00000243811.13	multiple_assessable_protein_coding_chains	5	5
ENSG00000244486.10	multiple_assessable_protein_coding_chains	11	11
ENSG00000244509.5	multiple_assessable_protein_coding_chains	2	2
ENSG00000244752.4	eligible	3	1
ENSG00000248405.10	multiple_assessable_protein_coding_chains	3	2
ENSG00000248751.6	no_assessable_protein_coding_chain	1	0
ENSG00000249222.1	no_internal_matched_Tyr_site	1	1
ENSG00000249590.7	no_assessable_protein_coding_chain	2	0
ENSG00000250479.10	multiple_assessable_protein_coding_chains	9	9
ENSG00000251322.12	multiple_assessable_protein_coding_chains	4	4
ENSG00000251357.4	no_assessable_protein_coding_chain	1	0
ENSG00000253352.10	no_assessable_protein_coding_chain	1	0
ENSG00000254709.8	multiple_assessable_protein_coding_chains	3	3
ENSG00000273899.6	multiple_assessable_protein_coding_chains	3	2
ENSG00000274252.2	multiple_assessable_protein_coding_chains	4	2
ENSG00000274600.2	no_internal_matched_Tyr_site	1	1
ENSG00000275004.4	no_internal_matched_Tyr_site	2	1
ENSG00000275793.1	no_internal_matched_Tyr_site	1	1
ENSG00000276950.6	eligible	1	1
ENSG00000278195.3	no_internal_matched_Tyr_site	3	1
ENSG00000278558.6	multiple_assessable_protein_coding_chains	2	2
ENSG00000283809.1	eligible	1	1
ENSG00000283900.1	eligible	1	1
ENSG00000284130.2	no_internal_matched_Tyr_site	2	1
ENSG00000284194.4	additional_unassessable_protein_coding_transcript	14	1
ENSG00000284554.2	eligible	1	1
ENSG00000285025.1	no_internal_matched_Tyr_site	1	1
ENSG00000285304.1	no_internal_matched_Tyr_site	1	1
ENSG00000285404.1	eligible	1	1
ENSG00000286102.1	no_internal_matched_Tyr_site	1	1
ENSG00000286175.1	no_internal_matched_Tyr_site	1	1
