method	species	region	genome_bp	predicted_union_span_bp
M25R_A	arabidopsis_thaliana	complete_primary_exon_span	10163237	1204110
M25R_A	arabidopsis_thaliana	other_span_of_primary_eligible_coding_gene	153472	116
M25R_A	arabidopsis_thaliana	partial_flagged_coding_gene	2300148	298924
M25R_A	arabidopsis_thaliana	other_coding_gene_without_complete_primary	0	0
M25R_A	arabidopsis_thaliana	noncoding_or_other_annotated_gene	2659568	34157
M25R_A	arabidopsis_thaliana	outside_all_annotated_genes	8183405	8105
M25R_B	arabidopsis_thaliana	complete_primary_exon_span	10163237	6955144
M25R_B	arabidopsis_thaliana	other_span_of_primary_eligible_coding_gene	153472	7656
M25R_B	arabidopsis_thaliana	partial_flagged_coding_gene	2300148	1409588
M25R_B	arabidopsis_thaliana	other_coding_gene_without_complete_primary	0	0
M25R_B	arabidopsis_thaliana	noncoding_or_other_annotated_gene	2659568	169953
M25R_B	arabidopsis_thaliana	outside_all_annotated_genes	8183405	107311
ANNEVO	arabidopsis_thaliana	complete_primary_exon_span	10163237	7783422
ANNEVO	arabidopsis_thaliana	other_span_of_primary_eligible_coding_gene	153472	2713
ANNEVO	arabidopsis_thaliana	partial_flagged_coding_gene	2300148	1548205
ANNEVO	arabidopsis_thaliana	other_coding_gene_without_complete_primary	0	0
ANNEVO	arabidopsis_thaliana	noncoding_or_other_annotated_gene	2659568	240355
ANNEVO	arabidopsis_thaliana	outside_all_annotated_genes	8183405	33363
Helixer	arabidopsis_thaliana	complete_primary_exon_span	10163237	7928563
Helixer	arabidopsis_thaliana	other_span_of_primary_eligible_coding_gene	153472	7810
Helixer	arabidopsis_thaliana	partial_flagged_coding_gene	2300148	1808383
Helixer	arabidopsis_thaliana	other_coding_gene_without_complete_primary	0	0
Helixer	arabidopsis_thaliana	noncoding_or_other_annotated_gene	2659568	344746
Helixer	arabidopsis_thaliana	outside_all_annotated_genes	8183405	170086
Tiberius	arabidopsis_thaliana	complete_primary_exon_span	10163237	7791223
Tiberius	arabidopsis_thaliana	other_span_of_primary_eligible_coding_gene	153472	3487
Tiberius	arabidopsis_thaliana	partial_flagged_coding_gene	2300148	1625191
Tiberius	arabidopsis_thaliana	other_coding_gene_without_complete_primary	0	0
Tiberius	arabidopsis_thaliana	noncoding_or_other_annotated_gene	2659568	157657
Tiberius	arabidopsis_thaliana	outside_all_annotated_genes	8183405	29321
M25R_A	oryza_sativa	complete_primary_exon_span	8390455	675662
M25R_A	oryza_sativa	other_span_of_primary_eligible_coding_gene	208536	7824
M25R_A	oryza_sativa	partial_flagged_coding_gene	29821	507
M25R_A	oryza_sativa	other_coding_gene_without_complete_primary	0	0
M25R_A	oryza_sativa	noncoding_or_other_annotated_gene	1534573	13373
M25R_A	oryza_sativa	outside_all_annotated_genes	19773036	71421
M25R_B	oryza_sativa	complete_primary_exon_span	8390455	4356648
M25R_B	oryza_sativa	other_span_of_primary_eligible_coding_gene	208536	21252
M25R_B	oryza_sativa	partial_flagged_coding_gene	29821	507
M25R_B	oryza_sativa	other_coding_gene_without_complete_primary	0	0
M25R_B	oryza_sativa	noncoding_or_other_annotated_gene	1534573	66084
M25R_B	oryza_sativa	outside_all_annotated_genes	19773036	170789
ANNEVO	oryza_sativa	complete_primary_exon_span	8390455	6162866
ANNEVO	oryza_sativa	other_span_of_primary_eligible_coding_gene	208536	39132
ANNEVO	oryza_sativa	partial_flagged_coding_gene	29821	4468
ANNEVO	oryza_sativa	other_coding_gene_without_complete_primary	0	0
ANNEVO	oryza_sativa	noncoding_or_other_annotated_gene	1534573	88963
ANNEVO	oryza_sativa	outside_all_annotated_genes	19773036	289043
Helixer	oryza_sativa	complete_primary_exon_span	8390455	6341274
Helixer	oryza_sativa	other_span_of_primary_eligible_coding_gene	208536	38589
Helixer	oryza_sativa	partial_flagged_coding_gene	29821	3961
Helixer	oryza_sativa	other_coding_gene_without_complete_primary	0	0
Helixer	oryza_sativa	noncoding_or_other_annotated_gene	1534573	239558
Helixer	oryza_sativa	outside_all_annotated_genes	19773036	368130
Tiberius	oryza_sativa	complete_primary_exon_span	8390455	5844545
Tiberius	oryza_sativa	other_span_of_primary_eligible_coding_gene	208536	33060
Tiberius	oryza_sativa	partial_flagged_coding_gene	29821	4416
Tiberius	oryza_sativa	other_coding_gene_without_complete_primary	0	0
Tiberius	oryza_sativa	noncoding_or_other_annotated_gene	1534573	139978
Tiberius	oryza_sativa	outside_all_annotated_genes	19773036	172110
