method	scope	exact_CDS_chain_F1	exact_CDS_interval_F1	intergenic_FPR	gene_count_ratio	CDS_base_F1	exact_chains	predicted_chains	reference_chains	all_annotated_background_FPR
M25R_A	pooled	0.3249883013570426	0.12041407867494826	0.012468286270247831	0.32527131782945734	0.32900490856583636	1389	2098	6450	0.002844639630631095
M25R_A	arabidopsis_thaliana	0.34837545126353786	0.13036605657237937	0.025668379862420397	0.3346181642977596	0.32941912768526	965	1389	4151	0.0009904190248435705
M25R_A	oryza_sativa	0.28191489361702127	0.1007796471070989	0.004322154782941735	0.3083949543279687	0.3282852660159544	424	709	2299	0.0036120401540764907
M25R_B	pooled	0.5303054280740623	0.7345159687835522	0.05605615821731119	0.9593798449612403	0.8010747301220401	3351	6188	6450	0.009947618153541074
M25R_B	arabidopsis_thaliana	0.5545583372697213	0.7526712249391587	0.12743926207262266	1.0399903637677668	0.8094250590452129	2348	4317	4151	0.013113245647746873
M25R_B	oryza_sativa	0.48105515587529984	0.6938415204071035	0.012003731928287643	0.8138321009134406	0.784731214159716	1003	1871	2299	0.008637469734035785
ANNEVO	pooled	0.7560152582159624	0.8777185121968565	0.06446834171967679	1.1134883720930233	0.8858809911325864	5153	7182	6450	0.011532440770983688
ANNEVO	arabidopsis_thaliana	0.7625151950491766	0.8697720019191054	0.13722582920301463	1.1799566369549506	0.87052631688352	3450	4898	4151	0.00407690930608958
ANNEVO	oryza_sativa	0.7431813222779838	0.8947509612805151	0.019567746463537535	0.9934754240974336	0.9150866138515277	1703	2284	2299	0.014618038423639141
Helixer	pooled	0.6201128998536484	0.8163014707888775	0.08556383588243333	1.2246511627906977	0.8677899203516815	4449	7899	6450	0.01925194984583338
Helixer	arabidopsis_thaliana	0.6456643135602149	0.8146465965955907	0.17530994593878296	1.2864370031317756	0.8528390508984626	3064	5340	4151	0.02078425789753776
Helixer	oryza_sativa	0.5701934952655414	0.8198002974293606	0.030179106381213076	1.1130926489778163	0.8960603978341524	1385	2559	2299	0.018617778271379268
Tiberius	pooled	0.714275419759314	0.8650885050117296	0.06214296716839885	1.1514728682170543	0.8850280132386259	4956	7427	6450	0.007205173219294974
Tiberius	arabidopsis_thaliana	0.7400109469074986	0.8620179587074731	0.13655046822896663	1.2006745362563238	0.8724780242905996	3380	4984	4151	0.00358298287815402
Tiberius	oryza_sativa	0.664698439477014	0.8716869627507163	0.016224104317253633	1.0626359286646367	0.9089139252093147	1576	2443	2299	0.008704277886309416
